{
    "name": "Pin-Bronce-Silver",
    "properties": {
        "activities": [
            {
                "name": "Get Data Bronce",
                "type": "GetMetadata",
                "dependsOn": [],
                "policy": {
                    "timeout": "0.12:00:00",
                    "retry": 0,
                    "retryIntervalInSeconds": 30,
                    "secureOutput": false,
                    "secureInput": false
                },
                "userProperties": [],
                "typeProperties": {
                    "dataset": {
                        "referenceName": "Avro2",
                        "type": "DatasetReference"
                    },
                    "fieldList": [
                        "childItems"
                    ],
                    "storeSettings": {
                        "type": "AzureBlobFSReadSettings",
                        "recursive": true,
                        "enablePartitionDiscovery": false
                    }
                }
            },
            {
                "name": "ForEach to Silver",
                "type": "ForEach",
                "dependsOn": [
                    {
                        "activity": "Get Data Bronce",
                        "dependencyConditions": [
                            "Succeeded"
                        ]
                    }
                ],
                "userProperties": [],
                "typeProperties": {
                    "items": {
                        "value": "@activity('Get Data Bronce').output.childItems",
                        "type": "Expression"
                    },
                    "activities": [
                        {
                            "name": "Copy data migrate tables b-s",
                            "type": "Copy",
                            "dependsOn": [],
                            "policy": {
                                "timeout": "0.00:00:30",
                                "retry": 0,
                                "retryIntervalInSeconds": 30,
                                "secureOutput": false,
                                "secureInput": false
                            },
                            "userProperties": [],
                            "typeProperties": {
                                "source": {
                                    "type": "AvroSource",
                                    "storeSettings": {
                                        "type": "AzureBlobFSReadSettings",
                                        "recursive": true,
                                        "enablePartitionDiscovery": false
                                    }
                                },
                                "sink": {
                                    "type": "ParquetSink",
                                    "storeSettings": {
                                        "type": "AzureBlobFSWriteSettings"
                                    },
                                    "formatSettings": {
                                        "type": "ParquetWriteSettings"
                                    }
                                },
                                "enableStaging": false,
                                "translator": {
                                    "type": "TabularTranslator",
                                    "typeConversion": true,
                                    "typeConversionSettings": {
                                        "allowDataTruncation": true,
                                        "treatBooleanAsNumber": false
                                    }
                                }
                            },
                            "inputs": [
                                {
                                    "referenceName": "Avro3",
                                    "type": "DatasetReference",
                                    "parameters": {
                                        "filename": {
                                            "value": "@item().name",
                                            "type": "Expression"
                                        }
                                    }
                                }
                            ],
                            "outputs": [
                                {
                                    "referenceName": "ds_destination_silver",
                                    "type": "DatasetReference"
                                }
                            ]
                        }
                    ]
                }
            }
        ],
        "folder": {
            "name": "03-Bronce-Silver"
        },
        "annotations": [],
        "lastPublishTime": "2023-09-02T04:19:15Z"
    },
    "type": "Microsoft.DataFactory/factories/pipelines"
}