{
    "name": "Avro2",
    "properties": {
        "linkedServiceName": {
            "referenceName": "ls_retaildb_adls_temp",
            "type": "LinkedServiceReference"
        },
        "annotations": [],
        "type": "Avro",
        "typeProperties": {
            "location": {
                "type": "AzureBlobFSLocation",
                "fileSystem": "storagebqbronce"
            }
        },
        "schema": {
            "type": "record",
            "name": "HybridDelivery.ClientLibraryJob",
            "fields": [
                {
                    "name": "category_id",
                    "type": [
                        "int",
                        "null"
                    ]
                },
                {
                    "name": "category_department_id",
                    "type": [
                        "int",
                        "null"
                    ]
                },
                {
                    "name": "category_name",
                    "type": [
                        "string",
                        "null"
                    ]
                }
            ]
        }
    },
    "type": "Microsoft.DataFactory/factories/datasets"
}