{
    "name": "Avro1",
    "properties": {
        "linkedServiceName": {
            "referenceName": "ls_retaildb_adls_temp",
            "type": "LinkedServiceReference"
        },
        "parameters": {
            "FILE_NAME": {
                "type": "string"
            }
        },
        "annotations": [],
        "type": "Avro",
        "typeProperties": {
            "location": {
                "type": "AzureBlobFSLocation",
                "fileName": {
                    "value": "@dataset().FILE_NAME",
                    "type": "Expression"
                },
                "fileSystem": "storagebqbronce"
            }
        },
        "schema": {}
    },
    "type": "Microsoft.DataFactory/factories/datasets"
}