{
    "name": "ds_MySql_source",
    "properties": {
        "linkedServiceName": {
            "referenceName": "ls_retaildb_mysql_dwh",
            "type": "LinkedServiceReference"
        },
        "parameters": {
            "TABLE_NAME": {
                "type": "String"
            }
        },
        "annotations": [],
        "type": "MySqlTable",
        "schema": [],
        "typeProperties": {
            "tableName": {
                "value": "@dataset().TABLE_NAME",
                "type": "Expression"
            }
        }
    },
    "type": "Microsoft.DataFactory/factories/datasets"
}