{
    "now": "2023-09-02T16:47:05.219Z",
    "perfNow": 11129792,
    "diagnosticCorrelation": "8d742bf8-eb78-42a7-807c-b3db4497c794",
    "source": "DownloadSupportFiles",
    "environment": {
        "productName": "adf",
        "buildVersion": "1.0.083123.13",
        "environmentType": 3,
        "resourceName": "adfretailm5",
        "resourceRegion": "eastus",
        "resourceGroup": "M5-ProyectoFinal",
        "subscriptionId": "047bb3c2-afaf-4de3-ad05-7c50c3f56535",
        "sessionId": "KDZYB075BZsW0nAAhHqfd1",
        "operationId": "",
        "gitType": "live",
        "loggingKey": "0ff3f145-e0f6-43b6-be80-df998aaa42ef"
    },
    "additionalInfo": {
        "selectedResource": "Pln-OnPrime-Bronce",
        "selectedResourceType": "pipeline"
    }
}