{
    "name": "Master Pipeline",
    "properties": {
        "activities": [
            {
                "name": "Pln-OnPrime-Bronce",
                "type": "ExecutePipeline",
                "dependsOn": [],
                "userProperties": [],
                "typeProperties": {
                    "pipeline": {
                        "referenceName": "Pln-OnPrime-Bronce",
                        "type": "PipelineReference"
                    },
                    "waitOnCompletion": true
                }
            },
            {
                "name": "Pin-Bronce-Silver",
                "type": "ExecutePipeline",
                "dependsOn": [
                    {
                        "activity": "Pln-OnPrime-Bronce",
                        "dependencyConditions": [
                            "Succeeded"
                        ]
                    }
                ],
                "userProperties": [],
                "typeProperties": {
                    "pipeline": {
                        "referenceName": "Pin-Bronce-Silver",
                        "type": "PipelineReference"
                    },
                    "waitOnCompletion": true
                }
            }
        ],
        "folder": {
            "name": "01-Master"
        },
        "annotations": [],
        "lastPublishTime": "2023-09-02T04:12:23Z"
    },
    "type": "Microsoft.DataFactory/factories/pipelines"
}