{
    "name": "Pln-OnPrime-Bronce",
    "properties": {
        "activities": [
            {
                "name": "Get Tables Names",
                "type": "Lookup",
                "dependsOn": [],
                "policy": {
                    "timeout": "0.12:00:00",
                    "retry": 0,
                    "retryIntervalInSeconds": 30,
                    "secureOutput": false,
                    "secureInput": false
                },
                "userProperties": [],
                "typeProperties": {
                    "source": {
                        "type": "MySqlSource",
                        "query": "SELECT TABLE_SCHEMA, TABLE_NAME\nFROM information_schema.tables \nWHERE table_schema = 'retail_db'"
                    },
                    "dataset": {
                        "referenceName": "ds_mysql_table_list",
                        "type": "DatasetReference"
                    },
                    "firstRowOnly": false
                }
            },
            {
                "name": "Copy tables",
                "type": "ForEach",
                "dependsOn": [
                    {
                        "activity": "Get Tables Names",
                        "dependencyConditions": [
                            "Succeeded"
                        ]
                    }
                ],
                "userProperties": [],
                "typeProperties": {
                    "items": {
                        "value": "@activity('Get Tables Names').output.value",
                        "type": "Expression"
                    },
                    "isSequential": true,
                    "activities": [
                        {
                            "name": "Copy data2",
                            "type": "Copy",
                            "dependsOn": [],
                            "policy": {
                                "timeout": "0.00:00:30",
                                "retry": 0,
                                "retryIntervalInSeconds": 30,
                                "secureOutput": false,
                                "secureInput": false
                            },
                            "userProperties": [],
                            "typeProperties": {
                                "source": {
                                    "type": "MySqlSource"
                                },
                                "sink": {
                                    "type": "AvroSink",
                                    "storeSettings": {
                                        "type": "AzureBlobFSWriteSettings"
                                    },
                                    "formatSettings": {
                                        "type": "AvroWriteSettings"
                                    }
                                },
                                "enableStaging": false,
                                "translator": {
                                    "type": "TabularTranslator",
                                    "typeConversion": true,
                                    "typeConversionSettings": {
                                        "allowDataTruncation": true,
                                        "treatBooleanAsNumber": false
                                    }
                                }
                            },
                            "inputs": [
                                {
                                    "referenceName": "ds_MySql_source",
                                    "type": "DatasetReference",
                                    "parameters": {
                                        "TABLE_NAME": {
                                            "value": "@item().TABLE_NAME",
                                            "type": "Expression"
                                        }
                                    }
                                }
                            ],
                            "outputs": [
                                {
                                    "referenceName": "Avro1",
                                    "type": "DatasetReference",
                                    "parameters": {
                                        "FILE_NAME": {
                                            "value": "@concat(item().TABLE_NAME,'.avro')",
                                            "type": "Expression"
                                        }
                                    }
                                }
                            ]
                        },
                        {
                            "name": "Validate data bronce_copy1",
                            "type": "DatabricksNotebook",
                            "dependsOn": [
                                {
                                    "activity": "Copy data2",
                                    "dependencyConditions": [
                                        "Succeeded"
                                    ]
                                }
                            ],
                            "policy": {
                                "timeout": "0.00:06:00",
                                "retry": 0,
                                "retryIntervalInSeconds": 30,
                                "secureOutput": false,
                                "secureInput": false
                            },
                            "userProperties": [],
                            "typeProperties": {
                                "notebookPath": "/M5_Proyect/Notebook-Validation-Data",
                                "baseParameters": {
                                    "adf_input": {
                                        "value": "@string(activity('Copy data2').output)",
                                        "type": "Expression"
                                    }
                                }
                            },
                            "linkedServiceName": {
                                "referenceName": "AzureDatabricks1",
                                "type": "LinkedServiceReference"
                            }
                        }
                    ]
                }
            }
        ],
        "folder": {
            "name": "02-OnPrime-Bronce"
        },
        "annotations": [],
        "lastPublishTime": "2023-09-02T04:28:16Z"
    },
    "type": "Microsoft.DataFactory/factories/pipelines"
}