{
    "now": "2023-09-02T16:46:43.415Z",
    "perfNow": 11107988,
    "diagnosticCorrelation": "c67c212b-5257-4395-ba32-9914aae669e0",
    "source": "DownloadSupportFiles",
    "environment": {
        "productName": "adf",
        "buildVersion": "1.0.083123.13",
        "environmentType": 3,
        "resourceName": "adfretailm5",
        "resourceRegion": "eastus",
        "resourceGroup": "M5-ProyectoFinal",
        "subscriptionId": "047bb3c2-afaf-4de3-ad05-7c50c3f56535",
        "sessionId": "KDZYB075BZsW0nAAhHqfd1",
        "operationId": "",
        "gitType": "live",
        "loggingKey": "0ff3f145-e0f6-43b6-be80-df998aaa42ef"
    },
    "additionalInfo": {
        "selectedResource": "Master Pipeline",
        "selectedResourceType": "pipeline"
    }
}