{
    "now": "2023-09-02T16:47:10.152Z",
    "perfNow": 11134724,
    "diagnosticCorrelation": "fa2a4b0d-c12e-49bf-b045-e7da961adca5",
    "source": "DownloadSupportFiles",
    "environment": {
        "productName": "adf",
        "buildVersion": "1.0.083123.13",
        "environmentType": 3,
        "resourceName": "adfretailm5",
        "resourceRegion": "eastus",
        "resourceGroup": "M5-ProyectoFinal",
        "subscriptionId": "047bb3c2-afaf-4de3-ad05-7c50c3f56535",
        "sessionId": "KDZYB075BZsW0nAAhHqfd1",
        "operationId": "",
        "gitType": "live",
        "loggingKey": "0ff3f145-e0f6-43b6-be80-df998aaa42ef"
    },
    "additionalInfo": {
        "selectedResource": "Pin-Bronce-Silver",
        "selectedResourceType": "pipeline"
    }
}